"recipient","value"
"1AbudkPYZ1Hq7EYKmMQZcRfZwv6gziFV3D",2000000
"1EbPbEuLgRX2XHdMmfDaaUTFZn7AAd9Na5",5000000
"1LAMmbyMuxk91q25mpYdcr9iqNmKxmPepn",4000000
"1PNfzHWj9p8cWY9ZTVdQQ8opGeqpRpvx7E",5000000
"1AcNYKJSogJRzPotoeY8fuCLd5xm3oDMPN",5000000
"1G2QhaSjJ8vSZ43sJrmQC8Ux8TJSqfQftT",5000000
"1LAMmbyMuxk91q25mpYdcr9iqNmKxmPepn",5000000
"12BSTPCcq8suRr2ks4YhXqcEVFTZkRk4VW",77000000
"1P6NT8a5JZsjUsWrUQKibdhQiVVf95xgw1",61000000
"1ZhKkzRLLfpNGNHf8qDDH7uRZtaMue7tR",13000000
"17PwLtXvZQQ4tJs3WBBAnxG2EgLdWA77zr",5000000
"1ARfSE8EeFqfu4v731vGSQPtLcpJkyxRHy",5000000
"1D88dMcBxoyJ6hyGtqArM79ioT8nC9oSaq",5000000
"1PPi1y9p8fTGUp5gJZVZKoJbChqPzJREzb",5000000
"1Xcdre9pAipV9kiSrSgssEpQPAruzMFzr",10000000
"162dXs94rqfL9vLoMwZuN6RXwGFwkC41wQ",5000000
"1ZhKkzRLLfpNGNHf8qDDH7uRZtaMue7tR",18000000
"1571crCddwP1NPuGeDRftgkkYdGcKj2ULH",5000000
"1GeKsAw3fnqCxfxdycLJ9HPKB9tbL3etwg",5000000
"132FHD3NuEry9ncGdMceJxq6MBV6nsVyNn",1006000000
"12XbmDCdLSvhhrzMEnH5c5KkDpTgoyeKP9",507000000
"1P6NT8a5JZsjUsWrUQKibdhQiVVf95xgw1",120000000
"1GigSamASKWx13r9uPqxmjGKZvWSpvbyqK",1110000000
"18aKg55nejL6UjryL5LRsW5xjv3Dy4Nbiu",5000000
"1Er5hjqbv2qdSia3pGSheFLZFeKKDuJYvi",5000000
"1Xcdre9pAipV9kiSrSgssEpQPAruzMFzr",14000000
"1P6NT8a5JZsjUsWrUQKibdhQiVVf95xgw1",62000000
"1ZhKkzRLLfpNGNHf8qDDH7uRZtaMue7tR",12000000
"1DFjCgymNAJLq1yJF9W5QzmCpWxLzuLWzd",5000000
"1KNLoeFAyKHRLFMC6Mj3NcGV2SEQU89MkS",5000000
"194uoP7B4GscRUx6F66e3Cx9At8LpMmFa6",5000000
"1GMB9rS1pUZMhMVqh3VawvCTHTfPDwJ85L",5000000
"1ZhKkzRLLfpNGNHf8qDDH7uRZtaMue7tR",32000000
"19gzz2i8kJVp6PSSbd3BDKjrPhH8MuspdP",149000000
"18DxnjWmC122ir5kwTFsRcycCTKkk3tpxd",5000000
"1LkefymXStJrQ6n6m8GhHbLFnR6MoVEXAx",5000000
"1Hj1MmLZZ6yV9hjJHBhV28TxzDcVjZUpMu",5000000
"1N7GZXjAo3xQm1VABEKXN4RB3Xomcs3QiC",109000000
"1MUkHcjbNfeEx1T46GQGfaxxjV1RHZYPcm",5000000
"1Fb878gLvwTPaPmsn4ewDMQoKbCE3g5EtZ",2000000
"1Mp64cxujuXcR2qFbxx6xveS9o78EAh2X6",2000000
"1K3fQJ4hXn8p3n7hEsndn3HpbLtaU8ciJz",1000000
"18Fh866oX6fVpBqZNGPWAZ362XL9twZx5f",5000000
"14iM8gB8y8qL72xPBzwn428JdRtuo4D1vK",5000000
"1P6NT8a5JZsjUsWrUQKibdhQiVVf95xgw1",46000000
"1Xcdre9pAipV9kiSrSgssEpQPAruzMFzr",11000000
"1ZhKkzRLLfpNGNHf8qDDH7uRZtaMue7tR",9000000
"1BJMio3RJUNMDLatkj6v5f4nf4N5f3SLRo",5000000
"1562mRMj31m4fkyafCfDzFUz1LiXMzdDvL",5000000
"1GXapbmRGFZKnFhPv2x9vkQMQBU8Eha6zz",5000000
"1D73jskVwAwRLpwdC3ExumTZwpVDQHghzK",5000000
"179dP83URdJchnbh8k578mGransCdG9P8B",5000000000
"14twjX4L3BxLH8RvNHvZcZbgeGSPx3DpW2",5000000
"1G2QhaSjJ8vSZ43sJrmQC8Ux8TJSqfQftT",5000000
"15keu7Y3FVB1PezSkaCbvnU9pydg8HghRb",5000000
"1Hbfg31qasA25gk7LE9NCC5gmSbiMSXk7L",5000000
"1AD5KBnfreL4HTJVhQtCeE3Sr9pGeLjTg7",5000000
"1FhwuDiZNvR41pVvqN3krVtcT18rv51fQE",5000000
"159Zb521wChozDtgDRaVZSbVQzkKZPWPbo",5000000
"1FcbwnHXndR6ezgofhfY2ZRLcu4TjcQTuc",5000000
"1QEgZPsnMDCVpmntfaRX97g2gndm6aswm4",5000000
"1GXJE9fs7VTW7c3PGppn7ySND3ccnbNnQc",1000000
"1AuEgjTyMUy5nC33wNgZAQaXJyB7i1ppcX",5000000
"1DuPxiF91xrZCE7kgDWqHEsJFYQSbX4YaV",5000000
"1JfvGHJeWbfKpBR8xvtbYSkYbRq72uMufX",5000000
"1B8yAyEdEQkqntvzqg2824U2EJg3CdhJpC",5000000
"1Hx2YwdJEKoL8hWCmNi4qfJ4ZmXxdgAcBt",5000000
"13zqMAAL2tWAp2g497a9ABLZCjeyB7LDRf",5000000
"19ootXCT4L5RrDjEE3dtCHhJ8GUiaov8Go",5000000
"1GchZCbdB21bacu245MAqKp8EnueWGkZFC",5000000
"12n52PfJ4Dc8pv5QWYL35P4EmRHrbPT5wa",5000000
"15gTvcq45YAqPDuNEzCT2fqXGVU36sCCkZ",5000000
"1JiZWwS172a2HNb7FtKWDrD88G3PKefTzw",5000000
"1C1V8R6NTstq4bJ5UTKF9hSvs8DZ4TUqBM",5000000
"1JSbKPky6wasLk3AfR7qxrC4CK7BAzAHSC",5000000
"1ESR3CARxERDSgZZGtXwYxn38VvcS8WkQ3",107000000
"1JEsHKsyY5UceoDVNF9DYaoKz3BbMB2XxV",1000000000
"1AQMBpUebwuajXUR52WMcedMAEdPGG6aPK",1000000
"1GEQfNM14XssMBeVvsmaudHFCW3nDQLE72",5000000
"1APNYUB4PzoDW3S3eendhcbp768BGTn2bF",5000000
"1JkHLRuSQUr9NBNXruduJq5BKSd4XxGhhH",5000000
"1Q5XBwQ7qkLGvNosuxiz4igGPYpgYWvWQU",5000000
"19rEvcoGzE4j9jj4i4dPAnUm4BgdKwwqAr",5000000
"15Qoe4JcD64BBJr9D1vRuqfzvLeVB41XtJ",5000000
"1P6NT8a5JZsjUsWrUQKibdhQiVVf95xgw1",55000000
"1ZhKkzRLLfpNGNHf8qDDH7uRZtaMue7tR",16000000
"1JuhnShxzwjqykUVFtQsFdAvbNcY8Ar398",5000000
"16fn6rDpVVma4jNUiP3CwytzUDtRRFmu4N",5000000
"144q72NrnvciEJNZDCHJ3VyWTpdAgdh7vz",5000000
"1Hbfg31qasA25gk7LE9NCC5gmSbiMSXk7L",5000000
"1GGarSrbb2XNJBQH1bCKzbfUpbBc19poCK",5000000
"1Kd7xb8L4BbAJ5taZMrg3qAkWbyg3xZsG4",5000000
"1896j3vb7hrZjTfoGHvzyDJpyrWvgUbmns",5000000
"1As1nKvVgD8avh2WYQgg6kCnBYRcpvqGZw",5000000
"1Nfy5fwKQnfWmSxmVqLwXwHh9onXTAyCqv",5000000
"14uAgz6YYmsXFNJVJnj2us5skpYy6ndzUJ",5000000
"14r67oM1X6fVVj3c9n7B59kL51e9a9CJP3",5000000
"17kj4XyiGeUn5BWvF6ojaqx17w5biqZQ22",5000000
"1HPDwiFbb7SAWyKFREHTqesRBPxCdEPdzv",5000000
"1MdcmY4rQMStxHoNe3xxMWeT1XPXoC5kpH",5000000
"1GddWbhKeEkeWESym1V6EqrqTxsUPkzkju",5000000
"169xgqHzpcc2BWDpWvJFG7CghrTzPfCRh9",5000000
"19cJJ1vjnqH9Thb6MneAfS5FtjWWCyKTMX",10000000
"1FoQgKAfr736SAco3vmHgpR9SfnndkRGGr",5000000
"1By1XZJCKAE7mA71YvxWdpJragc9N7v15S",138000000
"13aeod8iZGeCecsT3GDcWzjYEeXD6ZtdUq",5000000
"1ZhKkzRLLfpNGNHf8qDDH7uRZtaMue7tR",92000000
"1NCFiernH7QBmK6i3iKbPkHT5rtzQcYiLg",5000000
"1FNh9AA5VveC5ewZMpkKeyDfbLUA8abSKz",5000000
"1ELE8ZaNTyxRqjxzrqbMyy1QVdSRZFXB16",5000000
"1EMT2kaLyXVnnF41es7ai8hBvdCbT84DVp",5000000000
"1M1UAPEFMeLnnSv6tgQRPtZFjPGbidJ6M3",23000000
"1GoxcVP4MBAKisJ1HZsFUAby8FQtUhSyM4",1000000
"1K8N4ggmbnuRK2shQ1WWVQoVdjoW1gAd8D",212000000
"1Xcdre9pAipV9kiSrSgssEpQPAruzMFzr",38000000
"13iz7cy9qGJzunPAS7XhwP8u7zf3ZxBFa2",5000000
"1NxDeLch1iEYkAe4AhUmuE6mEUG45SBAiE",5000000
"152MW1NJmC5RKBLKMr4RwujEJU4fCpJSJP",5001000000
"13eZsfwpdWLeFkMRwi3J4d1VG7bj3SE5fJ",1000000
"1PHZaaQBE8Ck5c1KWEh9tfjsJoYBcRKSks",5000000
"19BupQ9gWCx2zCvSCFxMUKciBzy7JWMB6o",1051000000
"1HAn84w32xAbYEwRhhbQ87xi3TfDTbrCRz",5000000
"1NGabn1dpkT2yTyZLi3NiCgzaHehXFTzTj",5000000
"1F8dU6yqUQu9V9e7sXs7qkx8vprZxBYwpq",5000000
"1CUzpsQy3644wPougentnmmRtzofnhQMFz",5000000
"191yTgDn7H4WKu6hDEcAoPEDeEmyWRPjAK",4000000
"1Q4BW5nnWg9XFJqDW83LAdnHYWXvzMskNV",5000000
"15SKxXQq5g1tLRXbjvqyupfbbTdedh5Er5",5000000
"16joC2Npn2G2ULCHpVgppmQb39gGHCAuWt",5000000
"1FbuCdjnHyC2n3K7GcbpudrBwEsxn8kn7z",5000000
"1EnHkPdKuTV38QZiNkRS4K9WezeufCvYaG",5000000
"15N2BSGPLF5Tds7ijiBQDuJZ2vYBZtgqwP",5000000
"18KgYLPhWpxSrq6seBvvmkVfPHrLtWF1ca",5000000
"1ATvfxcvoKZWnbTLZH3ddgzGgsNNyeDjBU",5000000
"1HRRqQV7y4MWE1rxu7xDkd1dBreNL42ryj",5000000
"1ZhKkzRLLfpNGNHf8qDDH7uRZtaMue7tR",9000000
"19gzz2i8kJVp6PSSbd3BDKjrPhH8MuspdP",138000000
"1P6NT8a5JZsjUsWrUQKibdhQiVVf95xgw1",59000000
"1Xcdre9pAipV9kiSrSgssEpQPAruzMFzr",14000000
"184cntKYJ1kt871gTg3q5hovkZM1bamkCe",5000000
"18TJjHYLs5uttRd4XaBWUcrKtkw4X5Lz4Z",5000000
"1BY11rfNx4goDZmqZ2qpoaCbLZmHHFgsvq",5000000
"19hBTXM4geAA4csLdKXyfp8YfxEyPc144t",5000000
"13PxnUEcM86Yc7ZhVrvp3qNAp2qBuNKvMy",5000000
"1LXwqkPC6dbvr5BUGHEbqpvgby8tNENiqe",5000000
"18h1hiaGowqmb7zP2371hG1fVocwd8vDZZ",5000000
"16vTiMtHZdWW1MpHqwVjS6S9NmkKGuywhR",5000000
"1M9d5Ww6F5Lwm6yhoiUVLRX3K2MsP49fpe",5000000
"1HFtCsx9N6c4NMLG1z2J5x1bZU6b5Q4bEA",5000000
"1Go1mybTMUN3CQYswaM4t2PEERBExZHrVp",5000000
"1KrYrbEyRayM3dBk2RNGzjoQkG8QZ7XaYc",5000000
"1NsG68NHqPsgugF6z1A7cMram5TJP4F45n",5000000
"19oxMpTVvLQ5kmNFQh6ZKTLbBPByr6np7z",5000000
"1EwEb4HHWsAwEfhNjVjpzjjkcVRF1MhGbQ",5000000
"1EZvZA6KeKsGR8i6X9V6Z1AgsxnDyMqWdi",113000000
"1K5G6VY5DY3WKBTVvHBNjpqW9tjVvE1ZDP",5000000
"1HJvs47JNgm1J4HKW3Ss18NSTDdQKMS6nc",5000000
"19wUWP3YgSLnNbbsEp2cjsSoWLLqGcNp8c",5000000
"1P6NT8a5JZsjUsWrUQKibdhQiVVf95xgw1",30000000
"1ZhKkzRLLfpNGNHf8qDDH7uRZtaMue7tR",16000000
"1C4eBje7vpxuE2deewfiNj8zgoiF4jpV4C",1000000
"121YkrtxEQAUbF4osjCNi9KjyyCLGBLdi1",5000000
"1NjeKWJMatzSw5ffFjdaA9Mo2VgFe7zahU",5000000
"1ymE8oGNTypDeEN79XsTb9nWBdxasAcNx",5000000
"1Kv3frk6Q2Amer7rs8c7ehCf1YRTJdij2P",1000000
"1CZBMiKcVygDnKj2T9SkdPUzhnLW59L4Ji",4000000
"1Nkn2iUAzKuh2pLWUjuitavwfFT469seQD",5000000
"1DAf7jVERrgkHB3xux7FYSUvspGK6C5jJs",167000000
"16zPPuHussuvfQRpL8DN2r8wfJfW3BVVYT",5000000
"1Q4dbrQw3e642h5uMMK5zoG29yL8iMEy76",118000000
"15GbaCmn7piJf26wq6jJSWNXL3Qk4Ad99D",3000000
"1ZhKkzRLLfpNGNHf8qDDH7uRZtaMue7tR",13000000
"1EkGk6WxPrv7qivcgHQY3xP3WFPzcYu6Tg",5000000
"1PYuvZdWx31HatjKA1SLvV6btTEWwS49DK",5000000
"1NWxm6LzML5fDq8V5LNpNbvKJj7gCYE8gN",5000000
"1ABxcFj2eMp2BPnFWegm7noXLnAcfrGGPT",5000000
"1AmHakfJtGH6dbCJmVjyH3ac6TdGthR8QV",5000000
"19UQ9ofhC6N5Zqszm7vBXkXMyjv9Z27gKG",107000000
"1FkDJjvm4uvQZN6KrP7ecCzZwkLa2bmbvo",2000000
"12MXgCrsRtt4RNzpfZ8g9fVBaRytkYqUwi",27000000
"1ZhKkzRLLfpNGNHf8qDDH7uRZtaMue7tR",32000000
"1FDGerarppDC5dqNpZG4vafFvxcw5ZjrXL",5000000
"14LMtkx7t2qHr4F4b6hCz4rMA5xZe2EbxG",1000000
"13BsBTDEoxsJaKK2kB5WdH64hXf2WzcHt7",6000000
"15HLYR8x35QmZy2Li2Mj8EG9ojDugmooa5",22000000
"19icYXauaDnP2EyxqWxmTfzQL5BNDaKF9H",10000000
"1HAFi7gWFxBt2Jt6QiEswM4dHtMKKtwH9o",5000000
"1FY4JBUqjLgKkrV4qz3x5c1qHMRhwRSmLn",5000000
"1P6NT8a5JZsjUsWrUQKibdhQiVVf95xgw1",58000000
"1Xcdre9pAipV9kiSrSgssEpQPAruzMFzr",17000000
"1ZhKkzRLLfpNGNHf8qDDH7uRZtaMue7tR",26000000
"1E16y1iywBp5w3UDQ3HPfTS1DWhxcWWrRf",5000000000
"1P6NT8a5JZsjUsWrUQKibdhQiVVf95xgw1",58000000
"1Kqv8HNT9iHcButpbQn4iM8HFKyRgVMyVW",5000000
"1GeDspB1C45adWeL8BYZKmmxoNrJEMQbkR",1000000
"1ZhKkzRLLfpNGNHf8qDDH7uRZtaMue7tR",13000000
"17hzvApPgWAs3swACVkGkNZCiy32EriQVd",5000000
"1Xcdre9pAipV9kiSrSgssEpQPAruzMFzr",16000000
"1Bf9ChN9Ck1aBKBdj7aTxyenxzHRHsTUSc",106000000
"125mGwCay8FA9Cvp2jECi5RaSe8sTgyatm",5000000000
"1J3Dx44J7tFL3YgUh3JmXJKttFzBatJk6f",106000000
"17iWcxUvjQiwCLmLUpXVsHRmzsyjPHkijt",5000000
"14LMtkx7t2qHr4F4b6hCz4rMA5xZe2EbxG",2000000
"1ZhKkzRLLfpNGNHf8qDDH7uRZtaMue7tR",48000000
"1DDJkTXBWvPvEVJMcypBSaGCW1768bgnc3",5000000
"13WYcVijM3Av9oskjVyox4tnrd6mzEzzx8",5000000
"178LUNKhgzyEjyAjkqPTixBngEhf4mPHkw",5000000
"1Gt6JvYBErm4NUpNFgxpqNZQkyLuiBNGJU",5000000
"1NbzcMHJznbSkSfHBPkHbaB7jEVCY1moJX",5000000
"1PS3dFnhBZQbAC6vspiHkoZygvW8b478WK",5000000
"17KHBFt8nFbDzQFBTQwW9U4798UzcP3Nyw",5000000
"12eLs1DBmx2r5z21zvye7MTDdAQ8aXGghN",5000000
"1A8AmXfkKGHpfRefdPQmwRg7AfLjbGsqLx",5000000
"18yRkekuqHGA2jFfZkyWLEmZ5jXK7EDHsq",5000000
"17ebtQU2PW7fsBxpURrUQiKnCdAG79Lf5K",5000000
"1N7VCxS3jKbtMS8vzpnZP4u4rzubj84G6w",5000000
"13cxUzSQP4XRxQLok74FTJfLMGG6cFyqKG",5000000
"1AeuNEtDsoNjAPyzEwdVYfG8se6urs5Q4f",5000000
"1EEBQSdZULuR4sgvGhHCeeaSx3JqW3jXqZ",5000000
"1G51mdnnyRXLfqVPWwaSx4C6dFYrPQHErk",5000000
"12mjaz6UFVQoB93Pk7qd89Pt78tdfW2uJn",5000000
"17DruP1S3py9NnZuxkiQrrTtA3nb8kwo9S",5000000
"1E9m7kvCh6P9UBK7wfNiS7RkLGAwtnfNND",5000000
"1M7RXAugrJf1VDuMFN3JEn6y837vyDchFV",5000000
"1AQdsAfUsxKx1RFTJmohF4NVaL6qMn7eKL",5000000
"15BRAMWH6zppBiB74eK3vqQ5GHebxvWGSf",5000000
"1NaVQhWg76nZ2vZhnwjMaBHZxqNfabefG4",5000000000
"1KNv2p9cMidkFsgEqNgBtWQfXjid5wxvBb",5000000
"12da6fv4Ja6s4g14PasrDbC6QvqAhym5VZ",5000000
"1EgKohCko8HGCuFLPk7zcKWRHhRg7FcVaG",5000000
"129a6xcJnDkWMGirtyxNHBejo8gYxKyutU",5000000
"1FskeNyEiYzPtSxSjjzQDF4tKiR5rPt3B1",5000000
"159jDs4nFPoGRLkFXQtPo7Gf56vwpTHoaE",5000000
"19TL2yAEaUsZX4udHY76pmr2Q1EjYYxHC9",5000000
"17uS6Yyh2kJyYBhUX1PF8FKoAh1asmRZeo",5000000
"1MdHJu9uvYtTGi1nguCD4zo26mxEwh7JDV",5000000
"166aqatZg1A2n6WstKXjL376xFbJZsJu2i",5000000
"15A5LcMxbJWp4fwVbmtG4JiADUzyKRkei7",5000000
"1A8AmXfkKGHpfRefdPQmwRg7AfLjbGsqLx",5000000
"18B2RJaPZSPayHAAJYXHYxKnjquD4n8vFH",5000000
"1KQHKB1DZEvozZjUcXB9Y8znAFWtsYeDjN",5000000
"1E4u2NY2zWvRPwiaLyKTsKm47RQgBzjWAt",5000000
"19aBXQqYrMBhCyC4rMaFsrX638fB3gz4pd",5000000
"1D7c8TCPBdn6ErUwbuemuDzpeNuVno3mJQ",5000000
"158Ka6kHVZUm5Br7m7S7c43aYDhgHqJpLe",5000000
"1EwTHipoXhErqqA7qmyKixmxGHjTroqim",5000000
"18Az6Jf5da1Ssr7EM8YhZcnWx1zHCJj35B",5000000
"1CGqDWfZjPkJ35YrxGxwK7uhnKhkUDTWx6",5000000
"1KTnB7i6tetKR37ERJyhoSQXAs46goPM9",5000000
"1BD5oHQkSDgA3ivRLNLqw4FWrHZjDtXJVc",5000000
"16iP2Xa9C4MhVDoL6gKiLjGBAV3woapBKB",5000000
"1Xcdre9pAipV9kiSrSgssEpQPAruzMFzr",14000000
"1MiRgcbPbbxjQzVTVa5bdRufK1So86HJ9w",5000000
"19gzz2i8kJVp6PSSbd3BDKjrPhH8MuspdP",128000000
"1P6NT8a5JZsjUsWrUQKibdhQiVVf95xgw1",24000000
"1ZhKkzRLLfpNGNHf8qDDH7uRZtaMue7tR",24000000
"1Xcdre9pAipV9kiSrSgssEpQPAruzMFzr",16000000
"18vnXUFXMY7zfHNPeTxnqA3tZNETdP298s",5000000
"13rLRg4KDk38L9b3QHCGVJEqsCpJETqze3",1000000000
"14oRsn6DBDDop1H2gnzhMteFCfkDTUku6S",5000000
"1ZhKkzRLLfpNGNHf8qDDH7uRZtaMue7tR",15000000
"1ZhKkzRLLfpNGNHf8qDDH7uRZtaMue7tR",36000000
"1AXT6YU1YhHqfusGE7vg3n5ib2rnBYBfNs",1000000
"1BCd3gesT9ejskpRBaCdXLJjSaTtCrWHMQ",105000000
"16fNLpf68GHTNUgsZCxsiMLW1dKkw3tnqd",1843000000
"1KzvgxBK15Wy1bJXw8baiLzeNT7YNq1w7F",5000000
"1H7hxBTt2R6vnQNvyzvy5zJA5mamowX8f1",5000000
"1EsY7kXcmuh8byz7Nt9gyjaG92M1FNr7eC",432000000
"1CrEzfV6bjb2FHCuaronrjvattyzhQNFbv",432000000
"18hudruVtSwj8TVu7t2z7xJMhBdLVUPNxD",424000000
"1GEKWRSQkLEnRnpfyqvtYupLRTTseNa19v",1000000
"1K3BNBtfbKQmuNdEbnRQYUK6uZJ1RgBRZJ",5000000
"14HiLpjZjFETmADoc2AxKNMYRwnkGbJBgB",5000000
"1Xcdre9pAipV9kiSrSgssEpQPAruzMFzr",22000000
"18Z4TBuFdK3U6yFqLpRv4vXCQhrpAPuxek",1000000
"14jQxEcMFmsTePJVTkvjgjetihVhsr6CC6",5000000
"1An7sXu1CkaYVnkTi4vmM5JUrHtGPNrtjr",5000000
"1ZhKkzRLLfpNGNHf8qDDH7uRZtaMue7tR",44000000
"18M3fRk9eBxKodkKjbxVgayZ8ppzqnBTaf",5000000
"1P6NT8a5JZsjUsWrUQKibdhQiVVf95xgw1",54000000
"1Dge47WiGcJinypF3dfnG5hscHLqh4sshV",5000000
"1K8K4kqSP4adu9yUkpCq1RwDQJbnCKu1Dd",5000000
"1Grhbf6ViiA317EQVe33V2nrDcwqwCemNv",5000000
"1GzfbpUJjXfbiZkPQUqwMDiyJGVzqVxJ4T",5000000
"1MDTsmYZHiXrarLiGDG7iih5B4ehNpg1E5",5000000
"13uK2GKx6dW3YuN7qi6wVTQ6kchPLrNBJX",5000000
"17qAh4gHisM98LVrWBQEVvskZ9HgCQrsuk",5000000000
"16qCcCPKLE3xF9u1k6NSMrYU45REfhQHue",5000000
"1rHhkb3gwGnSRYZ4LnnPA1KXz2Mf4GUP3",5000000
"18dgp854qyYHqJs7sTUPV463v35BaeybnT",5000000
"1P6NT8a5JZsjUsWrUQKibdhQiVVf95xgw1",34000000
"1ZhKkzRLLfpNGNHf8qDDH7uRZtaMue7tR",11000000
"15nzNkGf1P9vnHuo9qfjHY9JW5hwxxdM7w",10000000
"17wLd6pZN3VLW2Py9hV6gtr3c22Aaq7FNp",5000000
"1mQdYVNSpAPYVRzEExpt2JyvsZDcKLUvy",5000000
"1BkG5o1inChdcf52HzwR5WgjxH8yjbzoPk",5000000
"18xPMSKaxu8nvN6yUmhHmaAAFzoWb93two",5000000
"1MZqusSsYuTHS3fazN4sRzcHXGcvvuJLcw",5000000000
"1HHZ6j8LSKZ9KaKM7863bHCVEhjW3iLZBx",5000000
"16UJv3j6yL3xCbEo4sohfvyvRv3A39E279",5000000
"1P3puHgBaRuzNEXXiPQ4KXJMChLrKDiagU",5000000000
"1KuasbbNeFHztV9Pii9abfciRCp2ndg6xR",5000000
"17rANSTto6WCqLRooP1qp4vVSbUvMh6Ks5",26000000
"1Xcdre9pAipV9kiSrSgssEpQPAruzMFzr",27000000
"1ZhKkzRLLfpNGNHf8qDDH7uRZtaMue7tR",61000000
"1P732dAdLgb8xKb7PYq8yp8qZL5Yo7k8A1",5000000
"19gzz2i8kJVp6PSSbd3BDKjrPhH8MuspdP",170000000
"1CtSxTkNrhNVD5JHaHbnQQ7hWLxDvonP7B",111000000
"1GrnpejcUgervnBDptTbedbMFHHFqSBSYi",1085000000
"1X3ctTiPMTBSfmpRQrrqPfXR96hkYtKf7",5000000
"1AQzy7J7RwVVpzAgmgWrvvQw3grwr8H8SC",5000000
"17rANSTto6WCqLRooP1qp4vVSbUvMh6Ks5",17000000
"1Xcdre9pAipV9kiSrSgssEpQPAruzMFzr",21000000
"1ZhKkzRLLfpNGNHf8qDDH7uRZtaMue7tR",24000000
"1NrXFzK3FxcUise8zrP6rQUibhKCTbNnV4",5000000
"1CsjgiMK6W185q6SXof9c6FPdQZV8Y3ecm",5000000
"1AqxvqSNnG4mfV6fYYqcA1iL8NEyRZjBiY",5000000
"13XdGwC1843wVk96MSTQY8kpNKj4im5L2P",5000000
"15JPSVitPzk95p1ZxcSBP7qLkKsovAYZbe",5000000
"184zrifmbrtRN8rDiUagNq8yKTxJ26TNum",5000000
"1HMWwpVrMTQRL4qrwzPuGiF55MvpY1vMXG",5000000
"1FmxKwCmWFDwRUqZQfrPZhZ2VWGP9S5LVd",5000000
"1BdBxxbSvfuWr547xSkwSXc5wGGehAEYdt",77000000
"12s8jTAg2Jym1c79xNKJAqDww2PALN97rV",5000000
"1BsomJf89sJCcga3VZ1qqVAMDoDqFRE6Bx",5000000
"1PbrjkKfJdaajsh7XP9njYtSWsdS8pQMgB",5000000
"12XbmDCdLSvhhrzMEnH5c5KkDpTgoyeKP9",1058000000
"1ZhKkzRLLfpNGNHf8qDDH7uRZtaMue7tR",12000000
"17rANSTto6WCqLRooP1qp4vVSbUvMh6Ks5",8000000
"1AXT6YU1YhHqfusGE7vg3n5ib2rnBYBfNs",1000000
"1DswjccMsVGmEwP3EUcy9DoYG9Qg6Lcj5y",5000000
"1XL8mAWuPEpPNT6t5N5Sqc3FDk6U8KsF5",5000000
"1KGNnqq33Bzn4cn4uEo8kFDqcmXASKvVac",5000000
"1Cdf6amdcpmzDiHCnhp81Ztc8hjS1F58jx",5000000
"1BRcSPmxwePXaLNuc7bNdgXxazphabrVgW",5000000
"18aQTJFZpWkyQbAFvKMPe7EhBc76sKJgyt",5000000000
"1GPxS9L4TrqJ2s4gPiWJXtLTXFvzFBtbQp",5000000
"1JyEKgYoQgCo8iWkhcktJDdRhJ6CpiMN8",5000000
"1CL2K19cmPKwpu1ToNqE7hCKs8Xf7o2Sp3",5000000
"1P6NT8a5JZsjUsWrUQKibdhQiVVf95xgw1",6000000
"1ZhKkzRLLfpNGNHf8qDDH7uRZtaMue7tR",15000000
"1CUcwh77Z8DBK4XwzhH8pf71qTd6yjMfit",25000000
"1Xcdre9pAipV9kiSrSgssEpQPAruzMFzr",10000000
"1AKkK4DRNvZWVvBbEdto2uo5zDuFUHbGuL",5000000000
"1ZhKkzRLLfpNGNHf8qDDH7uRZtaMue7tR",67000000
"16UmksWiYMJzcoDNzfNEYYBjYbj9RzWeXx",5000000
"12VyucBJbsK5vKC7ypp22ZgFwY2Xi5B8AV",5000000
"1GWxeiYFUH649fugefX1VXjDCbuSTYvMMA",5000000
"1QBWVxkVFsAMeoWNfWXhzVCXbDAoiCaw27",5000000
"1NyRLe6QhmX8AK1rjEkFD26zbkHdDAKCsD",101000000
"1ZhKkzRLLfpNGNHf8qDDH7uRZtaMue7tR",14000000
"1P6NT8a5JZsjUsWrUQKibdhQiVVf95xgw1",69000000
"17SepqyEfXPW392CTCapBvGRuU7mpyrn1C",5000000
"1ESR3CARxERDSgZZGtXwYxn38VvcS8WkQ3",105000000
"1KabdWe6mVbFQp5gTXVZD4NEknYX5F7VWE",5000000
"1Xcdre9pAipV9kiSrSgssEpQPAruzMFzr",30000000
"1DorVJ9oTeDo9zNaF9xtY8GtDd5H2LnUoh",5000000000
"15n7Q5BKCsj6yM4jrWxWZPisYrELPT6DDV",5000000
"19gzz2i8kJVp6PSSbd3BDKjrPhH8MuspdP",234000000
"1GFkxnftP4KPNm9NfHAZXeB5puY9J4CYmX",5000000
"1EzTpKqd4a4esfZ4wEcSKZqpa3VeC3JJNo",5000000
"1NCLssoEx2uSiwPPKauQV7U8xZuKc2hb1B",10000000
"1DFDofmcD98RzkN56VLLVrRCtY3XckauFt",5000000
"1J3hCEBoEscf2r1Rn9YhAsSUCWWbNDxobY",5000000
"12ij5emkWDhp3ST6UFZEpVBqTPhnzkhm8C",5000000
"1ErxRwgnJS7Ap6R31KKvXW8qoZEutuCyvL",5000000000
"1GhzNMo5LV6zAt3zyimkWeRHuazvwvsp2v",5000000
"12djdjuUBQozfkeUMgBQCuwPB3AfbdM5wS",5000000
"13aWJz8QC74MkUc9PNenQkw43fRV8pTZJR",5000000
"1G2AkBeiTiYmRDhq7fH6775M46RV8sAUSg",5000000
"1Xcdre9pAipV9kiSrSgssEpQPAruzMFzr",30000000
"1D6ymDa9SEzhNeHYP1hvAiG2ixnRXPer5g",5000000
"1ZhKkzRLLfpNGNHf8qDDH7uRZtaMue7tR",54000000
"1CyoGvqWC6NpmSNTcinMizWuCZQuax1Dt",5000000
"12BSTPCcq8suRr2ks4YhXqcEVFTZkRk4VW",105000000
"1PVEqXXf1aLjAYe9ses7GtnELjdqDUWf6V",5000000
"1P6NT8a5JZsjUsWrUQKibdhQiVVf95xgw1",99000000
"17Z1Sztu2gLrRFC8DFGf3peNJ6iQN9W6Th",10000000
"1DTgYiCY3cjFR3iprYJ4zvnV8a4UXQHfcf",5000000
"1BD5oHQkSDgA3ivRLNLqw4FWrHZjDtXJVc",5000000
"145vCEAWTPv4YcX8ybHBi6R13XxycEp2a7",5000000
"1KnwD1k2NfV4W2jotm7W3mmXvdRbAmTeBU",5000000
"1GhT7vmmK7JLs5gvSzf3vHQHk6Gm7zn8tg",5000000
"1321wHvBnevyjfxKr2TgBau3ftGNYKegjV",5000000
"1BjpFB7Fxrsxuge2tUkjQeQeHyUWn5snmE",5000000
"1PndTTTy1SnKWvHPEF4m2wUW3gqQ7sy7Wa",5000000
"18j3cAaEBJmZSRn68rJF7iEDfFVzPPTvEf",5000000
"1HZUqjquCRbQSPiLeum2fXPyAkoeks46DS",5000000
"1MiRgcbPbbxjQzVTVa5bdRufK1So86HJ9w",5000000
"1PcaXaZxmj9hjrBvhWpV2ZMpH4hcLuCXxU",5000000
"1THEiPfQiifczbcuRCBgYtKof2g3u7p2A",5000000
"1EGoF1BdPKYWHeNVzVSjVzQoVzDihbjw52",5000000
"13J6ztHNE3z1Bqc3KTV5TzucfFqWLWznLC",5000000
"1JZ3SBwVQDuC1uhCbTnZwrFALm12sifnQF",5000000
"1XL8mAWuPEpPNT6t5N5Sqc3FDk6U8KsF5",5000000
"1GXFoEFAGj3Re1WbPsE9cpSJUtusS45bkf",5000000
"1KhTcvqHUxxpT6hQ2Pcwujjo3o3sUd5dQY",5000000
"1EfGwvHFN1uBkJswbMboJmTQLY3xk7L5Cz",5000000
"1HPaeSFPc4tDxhYZeSiodjdXgp6EVTYNo2",5000000
"167TMc97kohj8ZBRWkusgLt5BFmEsqoW6k",5000000
"1Dm6j9S1BHLxUV9ipXq83kSFeZHVnXp3xX",5000000
"1MwjmUTRJNNHb6evRyvftFYqL7PiUPoimM",5000000
"14quGwaozB6JDznRDR5pi748tzDkZtLWjV",5000000
"1NUwrfJufDigubrt1gh9hZkGzy1998LkwL",5000000
"15VpxAxAcAm22ZiXYmdBKRXUWZJ4ZNgYSU",5000000
"14TXyW38JDKJe6SYLQoNupPFgDc4eHXwDG",5000000
"1Hbfg31qasA25gk7LE9NCC5gmSbiMSXk7L",5000000
"1PFvk8vyUKcq1rUST2Tge2cJ3ZF3ccNVfj",5000000000
"1K1BDw3QBsyZ7YffAdMroTmWNv45wGL4jv",5000000
"1Pq1hK82a8PfUtrCPRXGeYgNiBKEveR8rS",5000000
"156qmbEJPGMnq4ypsyqyJcqsV2oyA8hfNH",5000000
"1DsayvALAkv2QUKVKiEKQaRSeTnubHNNsE",5000000
"1PQk822eeHUK96U6JXEdDnyiyQT5u2FCWr",5000000
"19H9r5CoYjeQG6VcL7zaKwqwXYXNGAWLBN",5000000
"1AiaYWwotpBBT9DU125eGWbNyR32LMKrN3",5000000
"1HLLkJxjruCYCsaaSciyYJHUw7bnfdG93G",100000000
"1NZeURt7nmhPBdgBz2Dmot7rr7nZwate3p",5000000000
"1NbmFUuKN27ULDEWeZXvA3gdije22kcwbZ",5000000
"12jz2fKjyif2qkXKA8UDwaaCgxniydFrW6",5000000
"1NTqWtUfEnGaHvier8L71SFz1s12BqCy2r",5000000
"1GRyYWbeafJijLY5iAsZnQgtbYHbtGnbpD",5000000
"1LMaJyQb1VTxED8xiHJe2FLhGHFJYs7xnJ",5000000
"1KC2ajgCqHAdRoBqHfJwxm9vN8ZMzjNsnd",5000000
"14FHEwMRGC7YGsjUv92dZbLaKd1RXnrZMP",1000000
"1NaK7AhtQkcM8Qe5mEpxqiW2qBtcC65VUb",5000000
"1MpsYTYvbuwXaxJLHsxZEExxCZiU414mhL",5000000
"1MruaDhjJtBYH1ATWpSHkmmje3HvefzZjf",5000000
"1HLj994gRfo7iZANANzHUnRWtUvEfnufgQ",5000000
"1P4ixSFAECbcQyLyQ5jmEVaZo2JXFTzgmW",5000000
"18xNitoq8sV7iKkLLh28B353BrneD2xkgY",5000000
"12TMsRM4sU1LnPjNBqWa8C9oxPDWG6Fhbx",5000000
"1P6NT8a5JZsjUsWrUQKibdhQiVVf95xgw1",3000000
"1AEQNMK5DpysMtcbhnLQHFUHCTS9urhn3x",5000000
"1K3f4Gch7ZYrNaBHRmDDbA5NYhnRnPXLXz",5000000
"1HAn84w32xAbYEwRhhbQ87xi3TfDTbrCRz",11000000
"1CL7Z5CtXZpftgZX2UM8QTJj2LWiJe97kh",5000000
"1CCjMiqdRDeSYeDbu6uAEheLUSAB52MXhy",1000000
"1h1hgEZDZ4Cv7F3MPsosQgvZTGRmjtuDe",5000000
"1Gd7YpMMJjT6xbJg8rwJ4SN82K6B1FJBWi",5000000
"192nBN9zfibLj3DyjZzHZrHmB4uhXze91A",5000000
"19mGZ4Fhukudogi6QD6Sqs7nM7BoPFEQ2S",5000000
"13WFo3Uo29VvL7rxfDEPzMuLvDcpvZE9Zd",5000000
"1DwseEUnDXkhku3MbeBaspSJQcMzM7wRQe",1000000
"1J3Dx44J7tFL3YgUh3JmXJKttFzBatJk6f",103000000
"1N8huMwxfSkmnhBZWjpB6uHtqYorrLTthB",15000000
"1ZhKkzRLLfpNGNHf8qDDH7uRZtaMue7tR",17000000
"13Uiyq2hAw1q5a4sFrAqCacUHgAVjqcniB",5000000
"1Xcdre9pAipV9kiSrSgssEpQPAruzMFzr",14000000
"172y2AgiwvqELFoNi35qn94uKNT6De1WTD",4000000
"13HgPZfFfNoN3iSxcr1uETyL8V6cQHV7AU",5000000000
"1Envkr7Xk2c4um8v8rZJN2vCGZfvifFF7i",5000000
"184GhVejiQx62AVP2hTLTTiPZA39dE7jH2",5000000
"1ZhKkzRLLfpNGNHf8qDDH7uRZtaMue7tR",19000000
"1Mk6HA4PjbgcSXhPC1P4idqQpkYV2iY9qZ",5000000
"1P6NT8a5JZsjUsWrUQKibdhQiVVf95xgw1",14000000
"1G1oK8Ln95K6MoTcT8qkTmxt5BJWq3Tqsn",15010000
"1Xcdre9pAipV9kiSrSgssEpQPAruzMFzr",22000000
"1L6FagvtWpK98GvK17rxKrYk9ySAhBKgpP",26000000
"1F4AJpvrfXnhEJVxeFio3WRGBRNyvihXV5",36000000
"1M1UAPEFMeLnnSv6tgQRPtZFjPGbidJ6M3",20000000
"1P6NT8a5JZsjUsWrUQKibdhQiVVf95xgw1",55000000
"1DAf7jVERrgkHB3xux7FYSUvspGK6C5jJs",5000000
"1ZhKkzRLLfpNGNHf8qDDH7uRZtaMue7tR",47000000
"1H89e8fxEf6m4XG3agtMcnSmdn4jAu1Y71",5000000
"1CmGiwUD3KsytSiNo5pn4qzwG1KKGNbQRH",5000000
"1ZhKkzRLLfpNGNHf8qDDH7uRZtaMue7tR",57000000
"16m2w6Knn9yN9U369kpbVSYEqJRztospzN",5000000
"16CKsBzjdtNL1MxbR74qHpoQ1DV8FYb7fQ",5000000
"1D4FiHtm3aYaFtXsybzS7akDnkbsWm974T",5000000
"1A5uRUZy7id8j1b7cVTFyJnWHnCL66oUXr",5000000
"1U95E2mhRv7WEv1RAXWQnuHn3Paf6Cefa",5000000
"1FkDJjvm4uvQZN6KrP7ecCzZwkLa2bmbvo",2000000
"1FXbzGqobyvNcFL4nnaFQh2A7zGFszYJ2Y",5000000
"1FCkakfp5yu4aYqcwHDJ6opesiaiGDStYN",100000000
"1EEvqDnTfFVy1FtAqfTZXVeTqCshYrrDyE",5000000
"12VbYGUNZJ8S7KXCYYMVTwjPYY94Ma7opb",5000000
"1Ch8UwqpueK3p3b3JhvAGUkzAbazRvmboG",5000000
"151tEHnWnHsPbjgTf1k3PoreAJDsGhPCCw",1000000
"1Xcdre9pAipV9kiSrSgssEpQPAruzMFzr",21000000
"18Aw77PhFpz434MixpcBkve6icE7Qsp3km",5000000
"13tWEe4mRPtdKRoK4cZC62du1PTodGk4tL",5000000
"132FHD3NuEry9ncGdMceJxq6MBV6nsVyNn",1018000000
"19mbNnpaDPTDvv9KX52vfHtYYFxWbvjS5B",884000000
"1P6NT8a5JZsjUsWrUQKibdhQiVVf95xgw1",108000000
"1PfvxrreHnY73U1vPhVCuTGeTcKijzQhEs",1000000
"1LN9Z9c7vjPacDq5eZD582CwoaSemwMFVd",3000000
"1JngKr8beXZ1LgLJ8oSWsSfykM3RreoFKk",5000000
"1CtSxTkNrhNVD5JHaHbnQQ7hWLxDvonP7B",110000000
"19gzz2i8kJVp6PSSbd3BDKjrPhH8MuspdP",144000000
"1GXbZcTqZVKfgpyKp26SeJTUQLd7RXssd6",5000000
"14LMtkx7t2qHr4F4b6hCz4rMA5xZe2EbxG",1000000
"1DFTJoZaq5s55nJEhGorvHGkb89EDMvDhJ",5000000
"19icYXauaDnP2EyxqWxmTfzQL5BNDaKF9H",10000000
"1MiRgcbPbbxjQzVTVa5bdRufK1So86HJ9w",5000000
"1Grhbf6ViiA317EQVe33V2nrDcwqwCemNv",5000000
"1DctwhiHWmozQjQfR4fgXBrN4aD4roiJPC",5000000
"1HGUMUQrJd4ogdXb7pDT578KPkZ5uUnpAa",5000000
"1F6PbXCQg2KQqozPtgfH3zi2RWxawSJjPw",5000000
"19R15f8uGjfCnbNEPumEsdG8phddvKbVgG",500000000
"1MruaDhjJtBYH1ATWpSHkmmje3HvefzZjf",5000000
"1DfBizw4D9eXnH57pPbMd4H5M4iYtvuuSi",5000000
"19mbNnpaDPTDvv9KX52vfHtYYFxWbvjS5B",1100000000
"17pJ6YzEB7A4UX9cktN14TG4LqEVPA3kTc",5000000
"16jvjj3VZNzLhycXa5MYrBKUv58PWKGia5",5000000
"17QmERXp7WdxDvBhPCfa9eSmwu5SJzwDr6",3000000000
"1NMnAv9PK9C6S2oBSHXJ3vRTcuFmtmDnV",5000000
"1NDiLGjeaVkg1TMCfCw9aiqnaDFSKUvi2Q",5000000
"192HwM2TsPZXA42WJ1m5nJwoe9MXKzwyhg",5000000
"1EKR9hkCmLAxvwvfFz4BnD1SQfV5bcQJuX",5000000
"1ejhD9EP4eaQvR37pdWsL4XjZMhGk8xmG",5000000
"1EKfjYyGGMK7kAcEk4oxSPggC5UXLVYJFT",1000000
"1DXF11WZ866pL9ycJTjG34EJ3vxH6jn7ws",5000000
"1HdfS59brKMZjjimgRD8vmxmQF7XQTFUi6",5000000
"177ZZ5YFgzWRkxGPwf8h3MskhjmNUGgBY7",5000000
"18vnXUFXMY7zfHNPeTxnqA3tZNETdP298s",5000000
"1rpdwRnmifRa1SW4BhUAyp2AXpkXogdQi",5000000
"16RGjLAu3muUV3cvUdq4NWofU6vhGRcAv",5000000
"15BapxALPgZokMLCKXG6qyqCVDNeqVdB1A",5000000
"1ZhKkzRLLfpNGNHf8qDDH7uRZtaMue7tR",15000000
"1Xcdre9pAipV9kiSrSgssEpQPAruzMFzr",10000000
"1PEDqhZYiMZKwDjzH6bKPiPLoFdoTMiDN4",5000000
"12aVRAU1r3AsqyQvhJFLmVKqjMoB7TCCAY",5000000
"1JSbKPky6wasLk3AfR7qxrC4CK7BAzAHSC",5000000
"1FKLUvjP8V4jhCfpbqNCWLbmLHwmWV9xiE",5000000
"1MyP65roYDtDpskfiMZTiq3RQvJTGcQ7Zd",5000000
"1P6NT8a5JZsjUsWrUQKibdhQiVVf95xgw1",15000000
"1Xcdre9pAipV9kiSrSgssEpQPAruzMFzr",27000000
"1ZhKkzRLLfpNGNHf8qDDH7uRZtaMue7tR",49000000
"1CqPJdo8a1mu22sordb3LozPEVEfgvAm2v",5000000
"1C3tG4fQX6Kk3nRQCmDwSNcspqeZSb7Nvy",5000000
"1HajQKWyRxXGSEAw5532rtUNAjwbHm5dqX",5000000
"1NSAMe5ppND4sXjVynmtFw2VYJXhe7ef1d",5000000
"1Heh8wCgyDe6UMXfUQQJtZEf67PKZvFWKe",5000000
"1MR1daEFriUvyVCEAQqv4RDXXkpb5BPp8c",5000000
"1By1XZJCKAE7mA71YvxWdpJragc9N7v15S",103000000
"1Q8hYUPcFiaAjLp5gewhUoJimcuZewhsJu",5000000
"1D5y79god5ejP1Xt6jY4pfTes9JyhDwE8P",5000000
"1PEAJ6wyUF2N5tTdsY4RB7fS3MtiQ9tX6",5000000
"1KodAA9Y82K866DvL4d3nH3LQ3BrtWi3Y5",5000000
"1433erkLmwJsM2VGq2KTuAwDJ5sqjscwzF",5000000
"17E2e43y2rModMNrLnx5DtV3AdGmCzHKk8",5000000
"1AgLizTZTmZtCrnKhprVtXCmhGgqjs64LA",5000000
"1CSJK2ZHcUwZGUE88KGbwCeFJM7eCW5tgn",5000000
"1LaHeAEFpiLws5EUaYKLLFEdfduKthu1Gc",5000000
"1CY8yXKG2uC8QNzV7NQ1Vrm9yjzYroZy2c",2000000000
"1AFcFNp4HkYRnjhvuvLb8yCmVVV1YPnyN3",5000000
"12iZWw88srNwcFbLeeNgm9pfeW55rztD1p",5000000
"1MciEs688r89fbobRQJwabscX7TzJaZwnW",5000000
"13WSXAZvHQrKBefRFoRaBL4n33pBH1hgVH",5000000
"1FMQ1kSsaZ3qEL6DQsT9acVGxRvYEoUdPB",5000000
"155LYvc764EoAqvVkLarMRXBbEDTB8LDkd",5000000
"1Diy7F7HiuHT6frimdFCNX5DHCxkNQVtXR",5000000
"19MnxQcPHHvcC9WZMxcv3RP3UBvW4dFRnW",5000000
"15e75yZkZjGiK5WBVprWZyhBovnQ68E4aY",5000000
"1MSqmgyME8SgTVnZckci5xcGzPk6jgfbqk",5000000
"15iVaN71KaZCKAT7wgGgzWVvnEi5wAoia8",5000000
"1JeqFDpDTtD974qn9KML2wHRQZCTDnnKsg",5000000
"128vWrfeGkhRBmLCwd9aG5K4FXHQN2HWJ9",5000000
"15nzNkGf1P9vnHuo9qfjHY9JW5hwxxdM7w",10000000
"1HPo8sWE6VY8R4S7BAbhpKS91jMNbZCPn1",5000000
"1Xcdre9pAipV9kiSrSgssEpQPAruzMFzr",12000000
"1ArRGuo9ZJJxicdyZ2mwDS6AwCz2F3tDTJ",5000000
"1P6NT8a5JZsjUsWrUQKibdhQiVVf95xgw1",37000000
"1ZhKkzRLLfpNGNHf8qDDH7uRZtaMue7tR",34000000
"1DxDtHHgxBY5maDxFTFV8gBN8LtbAf8dvL",1000000
"132d7rmAPdvsRtPhCaCmMsYt7SHaLJrcD2",5000000
"1Kn52NFZK5KvqdEu7sSjYbXMhkGaYpdcLa",5000000
"1Frgdkhd7VZmsbR3ASDBJCJpfBmeHvrDvv",5000000
"1HSzc8do7rHKjyF3symvb1u2WaYUyQEwko",8100000000
"1Jf48wufcDpPQ2EEgX1jUULuTHVzDhqBSF",51653000000
"1LXMEbFexobaH7P9m7Lp5GZB98nA8mTL6v",5000000
"19Xpao6tKWveiNAKQmuozLwmYHnqUJe7GH",5000000
"1FAprDEY5iBrLkDmzBeBPzjLnD6Wsr4i15",5000000
"12whufcvFvuDW5Aq3ngs3qZXf87uJqFwho",113000000
"1ZhKkzRLLfpNGNHf8qDDH7uRZtaMue7tR",13000000
"1NVpTQuoy4q6gUCMiFEhthFhWur5xcL8Pt",157000000
"1Xcdre9pAipV9kiSrSgssEpQPAruzMFzr",14000000
"1P6NT8a5JZsjUsWrUQKibdhQiVVf95xgw1",20000000
"156fKx7ktN8C6YGjQa6178J2Wz23pjs4Qr",5000000
"13JBqSFK7vKi4YZ1Ybcke7N88428ygGbj7",5000000
"14nDXYaGJEEGyJFkRqSidBjpcoRV9t5Bmk",5000000
"1F24wX5W81qsmD3A6z8pUSxBj3ozGY1jYR",5000000
"156qmbEJPGMnq4ypsyqyJcqsV2oyA8hfNH",5000000
"17HwgYNAbqtYK3dd8hbAesCpXC2stQaND3",5000000
"1HiZsUmoPPV11Vx3Wdi8z3qEuGKweBsVwC",5000000
"19gzz2i8kJVp6PSSbd3BDKjrPhH8MuspdP",128000000
"143RdtyKy4sKdY6vGNiJZKFPPczHoj7bvk",5000000
"16XoW2gav7xgaEE7WzG1Md6p2Xg6Lj5cD4",5000000
"1Bxh1Ukjg3QVWsJbjtkvCytRECspZJmGDn",5000000
"1PHK7XiwojsHt6gVijvmhBjsgNz5t6EQPM",5000000
"1Xcdre9pAipV9kiSrSgssEpQPAruzMFzr",21000000
"16hiGeyivS7F3Qo9F9Saj4ty4eXkiNneiq",5000000
"1ZhKkzRLLfpNGNHf8qDDH7uRZtaMue7tR",52000000
"1ZhKkzRLLfpNGNHf8qDDH7uRZtaMue7tR",25000000
"1P6NT8a5JZsjUsWrUQKibdhQiVVf95xgw1",71000000
"1P6NT8a5JZsjUsWrUQKibdhQiVVf95xgw1",63000000
"1KHPhJVf4qtvDDjrVwtyFm2xupdaaoQwS1",5000000000
"1D4JQQ68SYSUHB9S1MZ4DbUiAC4oP6fw2N",5000000
"1GKfEUTaBJUsMxG8vnW7wvWAFjcNvHhN3Y",5000000
"16MuYd7X3tRxGkMQ5SUMacAn21Aieo5fWY",5000000
"1BCd3gesT9ejskpRBaCdXLJjSaTtCrWHMQ",105000000
"14z2ysW4yskXqMtgw33z5AMxa6GXyNrpfr",5000000
"1Bf9ChN9Ck1aBKBdj7aTxyenxzHRHsTUSc",105000000
"1CBvi2YeDYtGZyEZs6p45GC6Aaj9F2m5Bq",5000000
"1435XUW2HFe9M6DuWHbf1NVbQd5iBaGkAj",5000000
"1BCkSaHXk9Z7M9Tkk7113pTgruRxUTMLNW",5000000
"19PDSmEQusM9Cxnjg5drrbuiWEQE1azLmV",5000000
"17Tk3Bgm8pXEoCq3yx8Z8ddmZZNLvv1DTn",5000000
"1MQUyWZEGJSTRGUya2gVXtSxax1WwgGXGa",5000000
"13qY3nytawGfAxDXv3Rt5UeWkfTR6SUos5",5000000
"1K8K4kqSP4adu9yUkpCq1RwDQJbnCKu1Dd",5000000
"13BzPQWAHFkZAmCqniLmti176FYPcBbciB",5000000
"1F4PwK7sftaiaErGDwTPPV7xyEtfJFGNap",5000000
"1FuWmVjeYFFYnRtSYENJj4TCPX7tAq7hsd",5000000000
"1FawcAJprBjcFtsyFn59YHZTdEMU3Z5Tfw",5000000
"13qY3nytawGfAxDXv3Rt5UeWkfTR6SUos5",5000000
"17rANSTto6WCqLRooP1qp4vVSbUvMh6Ks5",16000000
"1Xcdre9pAipV9kiSrSgssEpQPAruzMFzr",18000000
"1ZhKkzRLLfpNGNHf8qDDH7uRZtaMue7tR",33000000
"1FFRLQ1ipToHryyZGTipSpGBzKC2n3Z5Bd",5000000
"19j2KpVsmHxtu9CugMz22nD9MxvtZgARW",5000000
"1Jbv87kW9zRSAmSrwyhMw6wXoGZKrDnpon",5000000
"1P65axYHKMXvkQGGNSxe1DdsAaRUaSW3y3",5000000
"1JP9LbwN5e2L7N6vRAHnWBmzTBdNaznixh",5000000
"17rANSTto6WCqLRooP1qp4vVSbUvMh6Ks5",6000000
"19gzz2i8kJVp6PSSbd3BDKjrPhH8MuspdP",130000000
"1ZhKkzRLLfpNGNHf8qDDH7uRZtaMue7tR",17000000
"1LYwoRmGbsrFFCWXJdTEMAfzmUriwNpeNv",5000000
"16UfuWZkNX45LSQCGLKdJM1aELej1awx8r",5000000
"1Xcdre9pAipV9kiSrSgssEpQPAruzMFzr",23000000
"1ZhKkzRLLfpNGNHf8qDDH7uRZtaMue7tR",50000000
"1P6NT8a5JZsjUsWrUQKibdhQiVVf95xgw1",54000000
"14Z1mazY4HfysZyMaKudFr63EwHqQT2njz",1000000
"16u8EpjaKW2mi5FyDBKqfxdUUSuMWTis6j",5000000
"1AVqTiRoNKnKAcCQ398EMy6FoXxRsW5Cad",5000000
"1BjP8TDoRBoqvs9ZKxBk16jKPG9JqaCLLD",5000000
"1M4CMANKJ6uRpwzkxeoiCa6CK4DLmyfcLH",131000000
"1KBCiJNkAWuhCAJPkSxkLdjdPsVDWeirG6",5000000
"1AcxW2Mv6qGvAZwDNEXxb69sGmfBGppU1v",5000000
"1FFRRJe7ZwnczZda63PGPkvFogs9snxsAc",5000000
"1LYMLKaqUPxfLWq7eHsUcD9LUUugM1nv68",5000000
"1C1Qre7tN3U6Za4L57NA7shixnRXqE6ZE6",5000000
"1DMX2H3MMCngZFD8uJtQ4EJBZUocovJnWR",5000000
"19fSTgKkeYm73C8TMosCq2yWjLRrc9XhVK",5000000
"1BCnv4irC7X9MXFw69PBNevVEPtYVu7RTc",5000000
"1CfA5fisJRrrvy53DsgHq26cqwNbmu18gu",5000000
"13zTvXKskpeNpRkpbe6mnGccPSSbH1racQ",5000000
"19oxMpTVvLQ5kmNFQh6ZKTLbBPByr6np7z",5000000
"16gVjK3oCq9awZqehNDMvfQT5i97H1ttPo",5000000
"1zux1QTHHH8gS3JAkoWKfiHXg67CP4KMf",5000000
"15XCNhqwp4tijas7G7iFtgJ27wYAsYZiC9",5000000
"1ErBPHG7TymYzRuTU3p8gMUeFGSyvE7wRq",5000000
"1NHjVgnTbqBwRSx2MoDLtaYX6PbKcXh9pZ",5000000
"1Nmira3J9uN1dqj7zL5GSxubAKub9Fr2Cp",5000000
"14LMtkx7t2qHr4F4b6hCz4rMA5xZe2EbxG",2000000
"125mC2hPGqZ3tdUuVQXXpnBW5B5Hw9VkV4",5000000
"1D6NcfpPoBR7UdRgEdVG8y66JfV5EUkZF7",5000000
"17NaSrKFUWvk5ivBfM7kHbaR19ZbFxejxn",5000000
"1558EGH8hvtFUbFWp2CmEuhvgCnrPhfA3k",5000000
"1JE87Q9kpN2wxYGjZXZFLoGBy7trbSzNjx",5000000
"1Hzumh7npcsw3Z3DaaAxq1wBXnmripxP4k",5000000
"1HJ1TEcKEz1dLwRoQnjHfbnLpomzxDNsEo",5000000
"1Gds8xoPfrjvaX9dmAWiYUi69ct5WSqDFN",5000000
"1FC7ikC2fJHBVaKjx8ZMKddrGSDCuu1DJh",5000000
"11Qwr2chMi8svVZ6Q5y4jAHhHgjCCoFHr",5000000
"1GPE881YJFTkaAJGduC1EbaHTfP4PdbXRA",5000000
"1McLyVmLcZFRM3Tx8FsSZAZe9KPnpZajFU",5000000
"16d1QBLUYKFS7oMuHt9avJsPJHUxhbZ2Cx",5000000
"14qd8MCymJjP46h5Rrmf5NKNQLXXhPF7p6",5000000
"1QD3MPgSG4Jnp6EMqnp9vHwuHMrt9YZtyk",5000000
"1Nqx9u1yPPfbWB1xvXNHZyZjB7uazZLDW1",5000000
"1PoEE7kQMURWt1J9BEgecDxzAHDWHukJgF",5000000
"17EFCcQckAoyqstiM3VzXaC3RmRMWWeZ77",5000000
"18ntdDuH3a62FpAzFSh8qXcrMRX3TUgUcw",5000000
"158FqAYeAZgwFsHZro6dCeCpk48DqCEoAk",5000000
"1CTY2bLTZyPrb4367hoxs8rN7UggRmejPh",5000000
"1BD5oHQkSDgA3ivRLNLqw4FWrHZjDtXJVc",5000000
"1NMi2rCbfPeRQJCzboKzqmmR7DbMfaCpRr",5000000
"12TSijhHBPxGUZDsHsqVq6sZhF1o3sxQbC",5000000
"1CWxJNbN3414bFHxm4xdyVyV4zMArietqe",5000000
"1LYHKt6YttNpYBsFXqZsGxRdQNYHQGCfp2",5000000
"1CS3iyZWM7T53njqpzqhBr6gw157YN5jHW",5000000
"1FpEJrqQphofPYBwtFAXySXqW7NAy7TNQT",5000000
"1MCSrphbCJEcdLNyWycQudqBcd2zzLvadK",5000000
"14JwUEb82UsWhFhswxFZ9MuGk31jTZrikm",5000000
"1KrGf2pKEQk3rc7RQLiqK65FZRwbSu3eQd",5000000
"19fdg9gc9PnVEmytFMbLmaHUSYXy3uTzNS",5000000
"1JQMxyZUwQiAWV5EUtNgMfYnEeBgpLimCR",5000000
"1445DNWsecFFjY1Ba4woaRxe8MmcSttu8C",5000000
"1D9js6nEWSXWqEaLmyc6hNAzD7r3M2EKsv",5000000
"18BsrMTbKyuEpnPAPU578BUt3NMtwiKYiD",5000000
"1KEA8dNYzMAgPJRFtEz3NpabRLjBnbPB1T",5000000
"1BJPoSBKsQfTNSJs99m9wVfZKuFEBBdHgE",5000000
"1D1MnoZAT7skr1pDhfZ2PoTCEEdQBswpJT",5000000
"13p4coqrS9xAcbh9fxyKKqYp55YP55uPTj",5000000
"15JMh9EAofbWEXQjt5xCeMgrHR5Ku2Gmcp",5000000
"1HbsYZzq2yG5Kgy96JirVVCDg9JQkZgiFP",5000000
"1P3HYXCfbZEUqzmPLuNWKaVZQTkeUeHRgt",5000000
"1Bsz8r32gobLdDvARwPSREb8uHREpAfVTc",5000000
"1VtbH7GSihpiUwJVcYhAh5z3o42FTev72",5000000
"17YmZiuUrSK2Aak8GQ266oYTivWRzj215e",5000000
"1KkBfJGJZqCpuydumZYbdkqWSXgYraEtnn",5000000
"189RraYcjy6fDEjxK6eq4qU93CQRMdAEVz",5000000
"17D3m4sGuhnfJwfSwmvJP3WPEHztQRyWx6",5000000
"186y7qms92XH3iqv6qThWgRkY6Zs6rEfiE",5000000
"1NmZX6gSHDfyijqfPUQ284dWGydjHmk3w6",5000000
"16JC7vqTya5YhjxjSX5aWA5btzzRhoZHuH",5000000
"13X4C4kUuX7bkENeNvx82EfKzcR34VbYWs",5000000
"1NArubeNJhefUDQpztn84S7Fqngx7ccJ6m",5000000
"1LWgEVszRcMLFzar8Tda5BEQwT5fMXyDBF",5000000
"14RLwaR9puomh3PMTPnKFP3FdRARrQJQwA",5000000
"1FXck8ZEPn71sGBrY7au71rJY2GKbQ4jRF",5000000
"1BvfhbRFDW2fYVXnB99HGeniFXcWpwBfNL",5000000
"1LmuZ47r7QZTosrHsrwaUgWKXfYB16eLSR",5000000
"1Kw4oZu8wK4tz2P8zkJ6ko8hcifRt28h8",5000000
"1AwMLUVhHuETe5dUxbGP6oN3YEPrcuKeZE",5000000
"1CK4qT1JWMdaRx5K6FrMuMpG1WWmg7qXQr",5000000
"1MnBHrUN56ZQx7WxWCs2aqtFFxQgb4QYWh",5000000
"17HwgYNAbqtYK3dd8hbAesCpXC2stQaND3",5000000
"1GhvZPpTRjMqTe6G5FDoN2hYXa4TwvKjWd",5000000
"1DmpCYQZBwwHr92rhnYssnXqoGtBwpd15t",5000000
"1KJKTBryzu3UYPCFrKPCCWEp2K6DytCQX1",5000000
"134B9TqziqYaqZvMnh96T5VVCfTmkxtHCt",5000000
"12VTa4rBUZkBb3No3E5c26P65YUKbTNnDk",5000000
"1CcvMrmjaPWdrAtmDKnB6zRLAQvokKTqQX",5000000
"17v6c45RWsGEiNwHi188rBxLzWMFp1sfr4",5000000
"1YnoSXT7u8Kbd7YiXGdqNHNvokmT1JWR9",5000000
"1CmyDRpr2e6QDdUVwhMVrqHRBQZinz49RE",5000000
"15YeosUKq6BzWrAjYy6dcEAKMTwcx1ZhNF",5000000
"1LK4963ot7dcRAtHmWhm6v3vZ9DdRpLBg3",5000000
"1MPGo5PNNXBPcXNXtf1PRPgVfssPRMZU5g",5000000
"14QzRCrRz1JKLLTw69UAmy5gZG4p8Y5hiH",5000000
"1PVnxZvMsmtjy6Zm1vuHQszfYh41BhcRkc",5000000
"158V7PQK3bbAxiHJkhvToUWJfoQNrim6SY",5000000
"1GH9cjXWq2NNHPhHTBTRkgzdaJD4MVMsxJ",5000000
"1N1sBmot9AfkYYeTzwFa368mKLKBYnYXdg",5000000
"1GMiXCRyLZXnEZejgPhP4YbbZSuv3kJ3Go",5000000
"1BjP8TDoRBoqvs9ZKxBk16jKPG9JqaCLLD",5000000
"1A1LYe4SnXwLwKxjQUkKUhwYNettuL4CAT",5000000
"1CvUXPfBQv87oHY6Wpuz4raHgnYVNMN8VL",5000000
"1EuMvnNR4HVF6nVe9CC7NoToRggxWiwwcB",5000000
"1CJWmQrHNf7cZszkMPLWcujFAwzyQncJxp",5000000
"1Fr6gTKcDR5rxWADYgQreKSzTKAiycvjGA",5000000
"1NhSLJZ7d66drs7m2qS4nEABhobHCu8ku3",5000000
"15v5RrrEqQ7Fa5zej3VmFr4f4AScts5ARG",5000000
"16zsEcdHerT17Wvozq9a1Q91WrJynaP9nW",5000000
"17Fm5Sn1s9Qqw7BhyCzNT8yVpkATQtamPb",5000000
"1QCrQxzUGoHFVYBj1P6HNPEF7VM5BpUB4m",5000000
"1BMSR9RVEVvuwcS6wkTqjASpPom9jXMhoU",5000000
"1Pi9EKz2rb9V12HJVfx81fpxxahtkpBiWu",5000000
"17MSPMXJXy7kB8UfBibjqWpba4uusKuASk",5000000
"1ETf64fU1pTUeR9KLzUR1VjwuiMMtmCWGC",5000000
"197vkbLpX7mZdVusNPTPwjspW55gAxj1ZP",5000000
"1Dgyu7hkTHLVPS17jP9GQZ9Rq6QdkDPVQ6",5000000
"1269RiYKFpP46E1ngYZS8UgFUfqBpynfAN",5000000
"1PiRwBKM7aPGg1rnSKwqeg88AGm6Mn9BtP",5000000
"1DKdfnDvxgKXyVB1iceJwBtCLhhXJNFoxy",5000000
"15gdYBEd9LLUcU2XpYKSdsC4vbSK5RRQR4",5000000
"1CTQCkKx6WLhWmrrdT2gDsVjcv8Lg19jEq",5000000
"18b8VET3BYA6pS7oVWDEnxQeC2vSdqs72n",5000000
"1Bsa1yWYAYty4SkjMnEfCGehHfRoVHGx8R",5000000
"16NfXqqzrc4EQmFt7pXn2qyyWkK8RjgxM",5000000
"15FCeMpKz7skGokSjFGkWzBCA8dHVAhHab",5000000
"1D8r9WhPeGgkkn57Nzk2Tm7GeYwjxyjaqZ",5000000
"1JLpPDVBPGFskmfZL7kgpm43r5RToiiP7A",5000000
"13xNSD8jk2mXkAvKXnMgVnhqSZaUc3nqsW",5000000
"12zHxjngSz2ofCVfRPv7mNC9aW6jnBqcV3",5000000
"12z2PQYutXUCYxskkGJdnidQWycqAVg9oS",5000000
"1C5Hy6VuAeiU4dKU4JW34FsbNHdpY9tSUi",5000000
"1PcAc43etJX6fv8XTPmbq5hJnipRqpVQYJ",5000000
"1MmDxVzd6zBswQSx7UM2ZSho1KBMg6cBwp",5000000
"1McRHYbdGcF5DjCZZueHQNKZuXwRsopowu",5000000
"1C7Ve5VBYDAfod8jhnFhPPKAWtq1KvXcQH",5000000
"19XB5EMi4bb6wAtQN5brPqErQzqyj1Ng3F",5000000
"1Xcdre9pAipV9kiSrSgssEpQPAruzMFzr",18000000
"1LyT8uUwNeJ6SudNYFro12zBEDsc2KBjDL",5000000
"1ZhKkzRLLfpNGNHf8qDDH7uRZtaMue7tR",26000000
"17xpgbBFZkJx5d8AFDxWwiBzb7p88UnR1Z",5000000

